Workbook

Sheet Trang bìa
E1: TẬP ĐOÀN CÔNG NGHIỆP VIỄN THÔNG QUÂN ĐỘI
E2: TỔNG CÔNG TY GIẢI PHÁP DOANH NGHIỆP VIETTEL
A9: <VOFFICE KHA>
A10: TÀI LIỆU KỊCH BẢN KIỂM THỬ CHỨC NĂNG
C16: Mã dự án | D16: :
C17: Mã tài liệu | D17: :
A20: Người lập:
C21: <Tên người nhập> | F21: <Ngày lập>
C22: <Chức vụ>
A26: Người kiểm tra:
C27: <Tên người kiểm tra | F27: <Ngày kiểm tra>
C28: <Chức vụ>
A32: Người phê duyệt:
C33: <Tên người phê duyệt> | F33: <Ngày phê duyệt>
C34: <Chức vụ>
A37: BẢNG GHI NHẬN THAY ĐỔI TÀI LIỆU
A39: Ngày thay đổi | B39: Vị trí thay đổi | C39: Lý do | D39: Nguồn gốc | E39: Phiên bản cũ | F39: Mô tả thay đổi | G39: Phiên bản mới

Sheet Giới thiệu
A1: GIỚI THIỆU
A3: 1 - Giới thiệu
A8: 2 - Tài liệu tham khảo
A9: STT | B9: Tên tài liệu | C9: Tên file | D9: Phiên bản | E9: Đường dẫn
A10: 1
A15: 3 - Môi trường kiểm thử
A16: STT | B16: Trình duyệt | C16: Phiên bản | E16: Viết tắt
B17: Chrome | C17: 131 | E17: C
B18: Microsoft Edge | C18: 131 | E18: ME
B19: Cấu hình server test
B20: CPU: 4G, Duecore, Ram 8G, HDD: 320G
B21: Tool test | C21: Phiên bản | E21: Mục đích

Sheet Tổng hợp
A1: TỔNG HỢP KẾT QUẢ
A3: STT | B3: Tên màn hình/chức năng | C3: Số trường hợp kiểm thử đạt (P) | D3: Số trường hợp kiểm thử không đạt (F) | E3: Số trường hợp kiểm thử đang xem xét (PE) | F3: Số trường hợp kiểm thử chưa thực hiện | G3: Tổng số trường hợp kiểm thử | H3: Tỉ lệ trường hợp kiểm thử đạt (%P) | I3: Tỉ lệ trường hợp kiểm thử không đạt (%F) | J3: Tỉ lệ trường hợp kiểm thử đã thực hiện (%Cover)
A4: 1 | B4: =YC02_Web!D2 -> YC02_Tách widget Chờ xử lý cá nhân và Chờ xử lý đơn vị | C4: =YC02_Web!D4 -> 16 | D4: =YC02_Web!D5 -> 0 | E4: =YC02_Web!D6 -> 0 | F4: =YC02_Web!D7 -> 0 | G4: =YC02_Web!D8 -> 16 | H4: =C4/G4 -> 1 | I4: =D4/G4 -> 0 | J4: =(C4+D4)/G4 -> 1
A5: 1 | B5: =YC02_Web!D2 -> YC02_Tách widget Chờ xử lý cá nhân và Chờ xử lý đơn vị | C5: =YC02_Web!D4 -> 16 | D5: =YC02_Web!D5 -> 0 | E5: =YC02_Web!D6 -> 0 | F5: =YC02_Web!D7 -> 0 | G5: =YC02_Web!D8 -> 16 | H5: =C5/G5 -> 1 | I5: =D5/G5 -> 0 | J5: =(C5+D5)/G5 -> 1
A6: 1 | B6: =YC02_Web!D2 -> YC02_Tách widget Chờ xử lý cá nhân và Chờ xử lý đơn vị | C6: =YC02_Web!D4 -> 16 | D6: =YC02_Web!D5 -> 0 | E6: =YC02_Web!D6 -> 0 | F6: =YC02_Web!D7 -> 0 | G6: =YC02_Web!D8 -> 16 | H6: =C6/G6 -> 1 | I6: =D6/G6 -> 0 | J6: =(C6+D6)/G6 -> 1
A7: 1 | B7: =YC02_Web!D2 -> YC02_Tách widget Chờ xử lý cá nhân và Chờ xử lý đơn vị | C7: =YC02_Web!D4 -> 16 | D7: =YC02_Web!D5 -> 0 | E7: =YC02_Web!D6 -> 0 | F7: =YC02_Web!D7 -> 0 | G7: =YC02_Web!D8 -> 16 | H7: =C7/G7 -> 1 | I7: =D7/G7 -> 0 | J7: =(C7+D7)/G7 -> 1
A12: Total | C12: =SUM(C4:C11) -> 64 | D12: =SUM(D4:D11) -> 0 | E12: =SUM(E4:E11) -> 0 | F12: =SUM(F4:F11) -> 0 | G12: =SUM(G4:G11) -> 64 | H12: =C12/G12 -> 1 | I12: =D12/G12 -> 0 | J12: =(C12+D12)/G12 -> 1

Sheet YC02_Web
C1: KỊCH BẢN KIỂM THỬ *
C2: Tên màn hình/Tên chức năng | D2: YC02_Tách widget Chờ xử lý cá nhân và Chờ xử lý đơn vị
C3: Mã trường hợp kiểm thử | D3: YC_02
C4: Số trường hợp kiểm thử đạt (P) | D4: =COUNTIF($E$13:$E$39,"P") -> 16
C5: Số trường hợp kiểm thử không đạt (F) | D5: =COUNTIF($E$13:$E$39,"F") -> 0
C6: Số trường hợp kiểm thử đang xem xét (PE) | D6: =COUNTIF($Q$13:$Q$13,"PE") -> 0
C7: Số trường hợp kiểm thử chưa thực hiện | D7: =D8-D4-D5-D6 -> 0
C8: Tổng số trường hợp kiểm thử | D8: =COUNTA($Q$13:$Q$699) -> 16
A10: Mã trường hợp kiểm thử | B10: Mục đích kiểm thử | C10: Các bước thực hiện | D10: Kết quả mong muốn | E10: PC | H10: Firefox | K10: <Tên trình duyệt 3> | N10: <Tên trình duyệt 4> | Q10: Kết quả hiện tại | R10: Mã lỗi | S10: Ghi chú
E11: Lần 1 | F11: Lần 2 | G11: Lần 3 | H11: Lần 1 | I11: Lần 2 | J11: Lần 3 | K11: Lần 1 | L11: Lần 2 | M11: Lần 3 | N11: Lần 1 | O11: Lần 2 | P11: Lần 3
B12: YC02_Tách widget Chờ xử lý đơn vị và Chờ xử lý cá nhân_Web
B13: A: Các bước thực hiện Pre- condition: 1. Truy cập link: http://10.60.157.14:8001/app-view/theme/admin-ex/pages/main.zul 2. Login acc có vai trò lãnh đạo (at_ld/123), Văn thư (at_vt/123), Chuyên viên ( at_cv/123) 3. Phạm vi B: Mô tả chức năng C: Các bảng tác động
A14: =IF(AND(C14="",C14=""),"",$D$3&"_"&ROW()-12-COUNTBLANK($C$14:C14)) | B14: Giao diện (Phần này viết các trường hợp kiểm thử cho giao diên chung và các giao diện cho các control)
A15: =IF(AND(C15="",C15=""),"",$D$3&"_"&ROW()-12-COUNTBLANK($C$13:C15)) -> YC_02_1 | B15: Kiểm tra tổng thể giao diện màn hình | C15: 1. Kiểm tra title của màn hình 2. Kiểm tra sự đầy đủ của các thông tin trên màn hình | D15: 1. Bố cục - Form được bố trí hợp lý và dễ sử dụng 2. Font chữ và màu chữ: - Các text sử dụng cùng 1 loại font chữ, cỡ chữ - Màu chữ giống giao diện prototype 3. Chính tả: Không có lỗi về chính tả, cấu trúc câu, ngữ pháp trên màn hình | E15: P | Q15: =IF(OR(IF(G15="",IF(F15="",IF(E15="","",E15),F15),G15)="F",IF(J15="",IF(I15="",IF(H15="","",H15),I15),J15)="F",IF(M15="",IF(L15="",IF(K15="","",K15),L15),M15)="F",IF(P15="",IF(O15="",IF(N15="","",N15),O15),P15)="F")=TRUE,"F",IF(OR(IF(G15="",IF(F15="",IF(E15="","",E15),F15),G15)="PE",IF(J15="",IF(I15="",IF(H15="","",H15),I15),J15)="PE",IF(M15="",IF(L15="",IF(K15="","",K15),L15),M15)="PE",IF(P15="",IF(O15="",IF(N15="","",N15),O15),P15)="PE")=TRUE,"PE",IF(AND(IF(G15="",IF(F15="",IF(E15="","",E15),F15),G15)="",IF(J15="",IF(I15="",IF(H15="","",H15),I15),J15)="",IF(M15="",IF(L15="",IF(K15="","",K15),L15),M15)="",IF(P15="",IF(O15="",IF(N15="","",N15),O15),P15)="")=TRUE,"","P"))) -> P
A16: =IF(AND(C16="",C16=""),"",$D$3&"_"&ROW()-12-COUNTBLANK($C$13:C16)) | B16: Chức năng (Phần này viết các trường hợp kiểm thử kiểm tra các ràng buộc trong cơ sở dữ liệu và cho các luồng nghiệp vụ trong tài liệu giải pháp, tích hợp với các chức năng khác)
A17: =IF(AND(C17="",C17=""),"",$D$3&"_"&ROW()-12-COUNTBLANK($C$13:C17)) | B17: Role Văn thư
A18: =IF(AND(C18="",C18=""),"",$D$3&"_"&ROW()-12-COUNTBLANK($C$13:C18)) -> YC_02_2 | B18: Kiểm tra hiển thị tổng quan trang chục mục Vb đến >> chờ xử lý | C18: 1. Đăng nhập vào tài khoản at_vt/123 2. Tại màn hình trang chủ>> mục văn bản đến 3. Kiểm tra widget Chờ xử lý | D18: Widget Chờ xử lý cá nhân và Chờ xử lý đơn vị được tách riêng biệt trên giao diện | E18: P | Q18: =IF(OR(IF(G18="",IF(F18="",IF(E18="","",E18),F18),G18)="F",IF(J18="",IF(I18="",IF(H18="","",H18),I18),J18)="F",IF(M18="",IF(L18="",IF(K18="","",K18),L18),M18)="F",IF(P18="",IF(O18="",IF(N18="","",N18),O18),P18)="F")=TRUE,"F",IF(OR(IF(G18="",IF(F18="",IF(E18="","",E18),F18),G18)="PE",IF(J18="",IF(I18="",IF(H18="","",H18),I18),J18)="PE",IF(M18="",IF(L18="",IF(K18="","",K18),L18),M18)="PE",IF(P18="",IF(O18="",IF(N18="","",N18),O18),P18)="PE")=TRUE,"PE",IF(AND(IF(G18="",IF(F18="",IF(E18="","",E18),F18),G18)="",IF(J18="",IF(I18="",IF(H18="","",H18),I18),J18)="",IF(M18="",IF(L18="",IF(K18="","",K18),L18),M18)="",IF(P18="",IF(O18="",IF(N18="","",N18),O18),P18)="")=TRUE,"","P"))) -> P
A19: =IF(AND(C19="",C19=""),"",$D$3&"_"&ROW()-12-COUNTBLANK($C$13:C19)) -> YC_02_3 | B19: Kiểm tra hiển thị widget Chờ xử lý đơn vị | C19: 1. Đăng nhập vào tài khoản at_vt/123 2. Tại màn hình trang chủ>> mục văn bản đến 3. Kiểm tra widget Chờ xử lý đơn vị | D19: Widget Chờ xử lý đơn vị hiển thị trên giao diện bao gồm số count đếm số lượng văn bản Chờ xử lý của đơn vị . | E19: P | Q19: =IF(OR(IF(G19="",IF(F19="",IF(E19="","",E19),F19),G19)="F",IF(J19="",IF(I19="",IF(H19="","",H19),I19),J19)="F",IF(M19="",IF(L19="",IF(K19="","",K19),L19),M19)="F",IF(P19="",IF(O19="",IF(N19="","",N19),O19),P19)="F")=TRUE,"F",IF(OR(IF(G19="",IF(F19="",IF(E19="","",E19),F19),G19)="PE",IF(J19="",IF(I19="",IF(H19="","",H19),I19),J19)="PE",IF(M19="",IF(L19="",IF(K19="","",K19),L19),M19)="PE",IF(P19="",IF(O19="",IF(N19="","",N19),O19),P19)="PE")=TRUE,"PE",IF(AND(IF(G19="",IF(F19="",IF(E19="","",E19),F19),G19)="",IF(J19="",IF(I19="",IF(H19="","",H19),I19),J19)="",IF(M19="",IF(L19="",IF(K19="","",K19),L19),M19)="",IF(P19="",IF(O19="",IF(N19="","",N19),O19),P19)="")=TRUE,"","P"))) -> P
A20: =IF(AND(C20="",C20=""),"",$D$3&"_"&ROW()-12-COUNTBLANK($C$13:C20)) -> YC_02_4 | B20: Kiểm tra hiển thị widget Chờ xử lý cá nhân | C20: 1. Đăng nhập vào tài khoản at_vt/123 2. Tại màn hình trang chủ>> mục văn bản đến 3. Kiểm tra widget Chờ xử lý cá nhân | D20: Widget Chờ xử lý cá nhân hiển thị trên giao diện bao gồm số count đếm số lượng văn bản Chờ xử lý của cá nhân. | E20: P | Q20: =IF(OR(IF(G20="",IF(F20="",IF(E20="","",E20),F20),G20)="F",IF(J20="",IF(I20="",IF(H20="","",H20),I20),J20)="F",IF(M20="",IF(L20="",IF(K20="","",K20),L20),M20)="F",IF(P20="",IF(O20="",IF(N20="","",N20),O20),P20)="F")=TRUE,"F",IF(OR(IF(G20="",IF(F20="",IF(E20="","",E20),F20),G20)="PE",IF(J20="",IF(I20="",IF(H20="","",H20),I20),J20)="PE",IF(M20="",IF(L20="",IF(K20="","",K20),L20),M20)="PE",IF(P20="",IF(O20="",IF(N20="","",N20),O20),P20)="PE")=TRUE,"PE",IF(AND(IF(G20="",IF(F20="",IF(E20="","",E20),F20),G20)="",IF(J20="",IF(I20="",IF(H20="","",H20),I20),J20)="",IF(M20="",IF(L20="",IF(K20="","",K20),L20),M20)="",IF(P20="",IF(O20="",IF(N20="","",N20),O20),P20)="")=TRUE,"","P"))) -> P
A21: =IF(AND(C21="",C21=""),"",$D$3&"_"&ROW()-12-COUNTBLANK($C$13:C21)) -> YC_02_5 | B21: Kiểm tra điều hướng của widget Chờ xử lý đơn vị sau khi click | C21: 1. Đăng nhập vào tài khoản at_vt/123 2. Tại màn hình trang chủ>> mục văn bản đến 3. Click vào widget Chờ xử lý đơn vị | D21: Hệ thống được điều hướng đến đúng TabVăn bản đến>> Chờ xử lý>> Văn bản đơn vị | E21: P | Q21: =IF(OR(IF(G21="",IF(F21="",IF(E21="","",E21),F21),G21)="F",IF(J21="",IF(I21="",IF(H21="","",H21),I21),J21)="F",IF(M21="",IF(L21="",IF(K21="","",K21),L21),M21)="F",IF(P21="",IF(O21="",IF(N21="","",N21),O21),P21)="F")=TRUE,"F",IF(OR(IF(G21="",IF(F21="",IF(E21="","",E21),F21),G21)="PE",IF(J21="",IF(I21="",IF(H21="","",H21),I21),J21)="PE",IF(M21="",IF(L21="",IF(K21="","",K21),L21),M21)="PE",IF(P21="",IF(O21="",IF(N21="","",N21),O21),P21)="PE")=TRUE,"PE",IF(AND(IF(G21="",IF(F21="",IF(E21="","",E21),F21),G21)="",IF(J21="",IF(I21="",IF(H21="","",H21),I21),J21)="",IF(M21="",IF(L21="",IF(K21="","",K21),L21),M21)="",IF(P21="",IF(O21="",IF(N21="","",N21),O21),P21)="")=TRUE,"","P"))) -> P
A22: =IF(AND(C22="",C22=""),"",$D$3&"_"&ROW()-12-COUNTBLANK($C$13:C22)) -> YC_02_6 | B22: Kiểm tra điều hướng của widget Chờ xử lý cá nhân sau khi click | C22: 1. Đăng nhập vào tài khoản at_vt/123 2. Tại màn hình trang chủ>> mục văn bản đến 3. Click vào widget Chờ xử lý cá nhân | D22: Hệ thống được điều hướng đến đúng TabVăn bản đến>> Chờ xử lý>> Văn bản cá nhân | E22: P | Q22: =IF(OR(IF(G22="",IF(F22="",IF(E22="","",E22),F22),G22)="F",IF(J22="",IF(I22="",IF(H22="","",H22),I22),J22)="F",IF(M22="",IF(L22="",IF(K22="","",K22),L22),M22)="F",IF(P22="",IF(O22="",IF(N22="","",N22),O22),P22)="F")=TRUE,"F",IF(OR(IF(G22="",IF(F22="",IF(E22="","",E22),F22),G22)="PE",IF(J22="",IF(I22="",IF(H22="","",H22),I22),J22)="PE",IF(M22="",IF(L22="",IF(K22="","",K22),L22),M22)="PE",IF(P22="",IF(O22="",IF(N22="","",N22),O22),P22)="PE")=TRUE,"PE",IF(AND(IF(G22="",IF(F22="",IF(E22="","",E22),F22),G22)="",IF(J22="",IF(I22="",IF(H22="","",H22),I22),J22)="",IF(M22="",IF(L22="",IF(K22="","",K22),L22),M22)="",IF(P22="",IF(O22="",IF(N22="","",N22),O22),P22)="")=TRUE,"","P"))) -> P
A23: =IF(AND(C23="",C23=""),"",$D$3&"_"&ROW()-12-COUNTBLANK($C$13:C23)) -> YC_02_7 | B23: Kiểm tra số count văn bản của Widget Chờ xử lý đơn vị | C23: 1. Đăng nhập vào tài khoản at_vt/123 2. Tại màn hình trang chủ>> mục văn bản đến 3. Widget Chờ xử lý đơn vị >> Kiểm tra số count Văn bản | D23: Số lượng trên widget "Chờ xử lý đơn vị " khớp tuyệt đối với tổng số bản ghi chờ xử lý của đơn vị trong TabVăn bản đến>> Chờ xử lý>> Văn bản đơn vị và Database | E23: P | Q23: =IF(OR(IF(G23="",IF(F23="",IF(E23="","",E23),F23),G23)="F",IF(J23="",IF(I23="",IF(H23="","",H23),I23),J23)="F",IF(M23="",IF(L23="",IF(K23="","",K23),L23),M23)="F",IF(P23="",IF(O23="",IF(N23="","",N23),O23),P23)="F")=TRUE,"F",IF(OR(IF(G23="",IF(F23="",IF(E23="","",E23),F23),G23)="PE",IF(J23="",IF(I23="",IF(H23="","",H23),I23),J23)="PE",IF(M23="",IF(L23="",IF(K23="","",K23),L23),M23)="PE",IF(P23="",IF(O23="",IF(N23="","",N23),O23),P23)="PE")=TRUE,"PE",IF(AND(IF(G23="",IF(F23="",IF(E23="","",E23),F23),G23)="",IF(J23="",IF(I23="",IF(H23="","",H23),I23),J23)="",IF(M23="",IF(L23="",IF(K23="","",K23),L23),M23)="",IF(P23="",IF(O23="",IF(N23="","",N23),O23),P23)="")=TRUE,"","P"))) -> P
A24: =IF(AND(C24="",C24=""),"",$D$3&"_"&ROW()-12-COUNTBLANK($C$13:C24)) -> YC_02_8 | B24: Kiểm tra số count văn bản của Widget Chờ xử lý cá nhân | C24: 1. Đăng nhập vào tài khoản at_vt/123 2. Tại màn hình trang chủ>> mục văn bản đến 3. Widget Chờ xử lý cá nhân>> Kiểm tra số count Văn bản | D24: Số lượng trên widget "Chờ xử lý cá nhân" khớp tuyệt đối với tổng số bản ghi chờ xử lý của cá nhân trong TabVăn bản đến>> Chờ xử lý>> Văn bản cá nhân và Database | E24: P | Q24: =IF(OR(IF(G24="",IF(F24="",IF(E24="","",E24),F24),G24)="F",IF(J24="",IF(I24="",IF(H24="","",H24),I24),J24)="F",IF(M24="",IF(L24="",IF(K24="","",K24),L24),M24)="F",IF(P24="",IF(O24="",IF(N24="","",N24),O24),P24)="F")=TRUE,"F",IF(OR(IF(G24="",IF(F24="",IF(E24="","",E24),F24),G24)="PE",IF(J24="",IF(I24="",IF(H24="","",H24),I24),J24)="PE",IF(M24="",IF(L24="",IF(K24="","",K24),L24),M24)="PE",IF(P24="",IF(O24="",IF(N24="","",N24),O24),P24)="PE")=TRUE,"PE",IF(AND(IF(G24="",IF(F24="",IF(E24="","",E24),F24),G24)="",IF(J24="",IF(I24="",IF(H24="","",H24),I24),J24)="",IF(M24="",IF(L24="",IF(K24="","",K24),L24),M24)="",IF(P24="",IF(O24="",IF(N24="","",N24),O24),P24)="")=TRUE,"","P"))) -> P
A25: =IF(AND(C25="",C25=""),"",$D$3&"_"&ROW()-12-COUNTBLANK($C$13:C25)) -> YC_02_9 | B25: Kiểm tra hiển thị khi cấu hình bỏ chọn tại trang chủ của widget Chờ xử lý đơn vị và Chờ xử lý cá nhân | C25: 1. Đăng nhập vào tài khoản at_vt/123 2. Tại màn hình trang chủ>> Cài đặt>> cấu hình trang chủ 3. Mục văn bản đến >> bỏ tích chọn Chờ xử lý đơn vị và Chờ xử lý cá nhân 4. Sau khi cấu hình kiểm tra hiển thị tại mục Văn bản đến tại trang chủ | D25: Không hiển thị widget Chờ xử lý đơn vị và Chờ xử lý cá nhân trên giao diện trang chủ | E25: P | Q25: =IF(OR(IF(G25="",IF(F25="",IF(E25="","",E25),F25),G25)="F",IF(J25="",IF(I25="",IF(H25="","",H25),I25),J25)="F",IF(M25="",IF(L25="",IF(K25="","",K25),L25),M25)="F",IF(P25="",IF(O25="",IF(N25="","",N25),O25),P25)="F")=TRUE,"F",IF(OR(IF(G25="",IF(F25="",IF(E25="","",E25),F25),G25)="PE",IF(J25="",IF(I25="",IF(H25="","",H25),I25),J25)="PE",IF(M25="",IF(L25="",IF(K25="","",K25),L25),M25)="PE",IF(P25="",IF(O25="",IF(N25="","",N25),O25),P25)="PE")=TRUE,"PE",IF(AND(IF(G25="",IF(F25="",IF(E25="","",E25),F25),G25)="",IF(J25="",IF(I25="",IF(H25="","",H25),I25),J25)="",IF(M25="",IF(L25="",IF(K25="","",K25),L25),M25)="",IF(P25="",IF(O25="",IF(N25="","",N25),O25),P25)="")=TRUE,"","P"))) -> P
A26: =IF(AND(C26="",C26=""),"",$D$3&"_"&ROW()-12-COUNTBLANK($C$13:C26)) -> YC_02_10 | B26: Kiểm tra hiển thị khi cấu hình chọn tại trang chủ của widget Chờ xử lý đơn vị và Chờ xử lý cá nhân | C26: 1. Đăng nhập vào tài khoản at_vt/123 2. Tại màn hình trang chủ>> Cài đặt>> cấu hình trang chủ 3. Mục văn bản đến >> tích chọn Chờ xử lý đơn vị và Chờ xử lý cá nhân 4. Sau khi cấu hình kiểm tra hiển thị tại mục Văn bản đến tại trang chủ | D26: Hiển thị widget Chờ xử lý đơn vị và Chờ xử lý cá nhân trên giao diện trang chủ | E26: P | Q26: =IF(OR(IF(G26="",IF(F26="",IF(E26="","",E26),F26),G26)="F",IF(J26="",IF(I26="",IF(H26="","",H26),I26),J26)="F",IF(M26="",IF(L26="",IF(K26="","",K26),L26),M26)="F",IF(P26="",IF(O26="",IF(N26="","",N26),O26),P26)="F")=TRUE,"F",IF(OR(IF(G26="",IF(F26="",IF(E26="","",E26),F26),G26)="PE",IF(J26="",IF(I26="",IF(H26="","",H26),I26),J26)="PE",IF(M26="",IF(L26="",IF(K26="","",K26),L26),M26)="PE",IF(P26="",IF(O26="",IF(N26="","",N26),O26),P26)="PE")=TRUE,"PE",IF(AND(IF(G26="",IF(F26="",IF(E26="","",E26),F26),G26)="",IF(J26="",IF(I26="",IF(H26="","",H26),I26),J26)="",IF(M26="",IF(L26="",IF(K26="","",K26),L26),M26)="",IF(P26="",IF(O26="",IF(N26="","",N26),O26),P26)="")=TRUE,"","P"))) -> P
A27: =IF(AND(C27="",C27=""),"",$D$3&"_"&ROW()-12-COUNTBLANK($C$13:C27)) | B27: Role khác Văn thư
A28: =IF(AND(C28="",C28=""),"",$D$3&"_"&ROW()-12-COUNTBLANK($C$13:C28)) -> YC_02_11 | B28: Kiểm tra hiển thị tổng quan trang chục mục Vb đến >> chờ xử lý | C28: 1. Đăng nhập vào tài khoản at_vt/123 2. Tại màn hình trang chủ>> mục văn bản đến 3. Kiểm tra widget Chờ xử lý | D28: Widget Chờ xử lý cá nhân và Chờ xử lý đơn vị được tách riêng biệt trên giao diện | E28: P | Q28: =IF(OR(IF(G28="",IF(F28="",IF(E28="","",E28),F28),G28)="F",IF(J28="",IF(I28="",IF(H28="","",H28),I28),J28)="F",IF(M28="",IF(L28="",IF(K28="","",K28),L28),M28)="F",IF(P28="",IF(O28="",IF(N28="","",N28),O28),P28)="F")=TRUE,"F",IF(OR(IF(G28="",IF(F28="",IF(E28="","",E28),F28),G28)="PE",IF(J28="",IF(I28="",IF(H28="","",H28),I28),J28)="PE",IF(M28="",IF(L28="",IF(K28="","",K28),L28),M28)="PE",IF(P28="",IF(O28="",IF(N28="","",N28),O28),P28)="PE")=TRUE,"PE",IF(AND(IF(G28="",IF(F28="",IF(E28="","",E28),F28),G28)="",IF(J28="",IF(I28="",IF(H28="","",H28),I28),J28)="",IF(M28="",IF(L28="",IF(K28="","",K28),L28),M28)="",IF(P28="",IF(O28="",IF(N28="","",N28),O28),P28)="")=TRUE,"","P"))) -> P
A29: =IF(AND(C29="",C29=""),"",$D$3&"_"&ROW()-12-COUNTBLANK($C$13:C29)) -> YC_02_12 | B29: Kiểm tra hiển thị widget Chờ xử lý cá nhân | C29: 1. Đăng nhập vào tài khoản at_vt/123 2. Tại màn hình trang chủ>> mục văn bản đến 3. Kiểm tra widget Chờ xử lý cá nhân | D29: Widget Chờ xử lý cá nhân hiển thị trên giao diện bao gồm số count đếm số lượng văn bản Chờ xử lý của cá nhân. | E29: P | Q29: =IF(OR(IF(G29="",IF(F29="",IF(E29="","",E29),F29),G29)="F",IF(J29="",IF(I29="",IF(H29="","",H29),I29),J29)="F",IF(M29="",IF(L29="",IF(K29="","",K29),L29),M29)="F",IF(P29="",IF(O29="",IF(N29="","",N29),O29),P29)="F")=TRUE,"F",IF(OR(IF(G29="",IF(F29="",IF(E29="","",E29),F29),G29)="PE",IF(J29="",IF(I29="",IF(H29="","",H29),I29),J29)="PE",IF(M29="",IF(L29="",IF(K29="","",K29),L29),M29)="PE",IF(P29="",IF(O29="",IF(N29="","",N29),O29),P29)="PE")=TRUE,"PE",IF(AND(IF(G29="",IF(F29="",IF(E29="","",E29),F29),G29)="",IF(J29="",IF(I29="",IF(H29="","",H29),I29),J29)="",IF(M29="",IF(L29="",IF(K29="","",K29),L29),M29)="",IF(P29="",IF(O29="",IF(N29="","",N29),O29),P29)="")=TRUE,"","P"))) -> P
A30: =IF(AND(C30="",C30=""),"",$D$3&"_"&ROW()-12-COUNTBLANK($C$13:C30)) -> YC_02_13 | B30: Kiểm tra điều hướng của widget Chờ xử lý cá nhân sau khi click | C30: 1. Đăng nhập vào tài khoản at_vt/123 2. Tại màn hình trang chủ>> mục văn bản đến 3. Click vào widget Chờ xử lý cá nhân | D30: Hệ thống được điều hướng đến đúng TabVăn bản đến>> Chờ xử lý>> Văn bản cá nhân | E30: P | Q30: =IF(OR(IF(G30="",IF(F30="",IF(E30="","",E30),F30),G30)="F",IF(J30="",IF(I30="",IF(H30="","",H30),I30),J30)="F",IF(M30="",IF(L30="",IF(K30="","",K30),L30),M30)="F",IF(P30="",IF(O30="",IF(N30="","",N30),O30),P30)="F")=TRUE,"F",IF(OR(IF(G30="",IF(F30="",IF(E30="","",E30),F30),G30)="PE",IF(J30="",IF(I30="",IF(H30="","",H30),I30),J30)="PE",IF(M30="",IF(L30="",IF(K30="","",K30),L30),M30)="PE",IF(P30="",IF(O30="",IF(N30="","",N30),O30),P30)="PE")=TRUE,"PE",IF(AND(IF(G30="",IF(F30="",IF(E30="","",E30),F30),G30)="",IF(J30="",IF(I30="",IF(H30="","",H30),I30),J30)="",IF(M30="",IF(L30="",IF(K30="","",K30),L30),M30)="",IF(P30="",IF(O30="",IF(N30="","",N30),O30),P30)="")=TRUE,"","P"))) -> P
A31: =IF(AND(C31="",C31=""),"",$D$3&"_"&ROW()-12-COUNTBLANK($C$13:C31)) -> YC_02_14 | B31: Kiểm tra số count văn bản của Widget Chờ xử lý cá nhân | C31: 1. Đăng nhập vào tài khoản at_vt/123 2. Tại màn hình trang chủ>> mục văn bản đến 3. Widget Chờ xử lý cá nhân>> Kiểm tra số count Văn bản | D31: Số lượng trên widget "Chờ xử lý cá nhân" khớp tuyệt đối với tổng số bản ghi chờ xử lý của cá nhân trong TabVăn bản đến>> Chờ xử lý>> Văn bản cá nhân và Database | E31: P | Q31: =IF(OR(IF(G31="",IF(F31="",IF(E31="","",E31),F31),G31)="F",IF(J31="",IF(I31="",IF(H31="","",H31),I31),J31)="F",IF(M31="",IF(L31="",IF(K31="","",K31),L31),M31)="F",IF(P31="",IF(O31="",IF(N31="","",N31),O31),P31)="F")=TRUE,"F",IF(OR(IF(G31="",IF(F31="",IF(E31="","",E31),F31),G31)="PE",IF(J31="",IF(I31="",IF(H31="","",H31),I31),J31)="PE",IF(M31="",IF(L31="",IF(K31="","",K31),L31),M31)="PE",IF(P31="",IF(O31="",IF(N31="","",N31),O31),P31)="PE")=TRUE,"PE",IF(AND(IF(G31="",IF(F31="",IF(E31="","",E31),F31),G31)="",IF(J31="",IF(I31="",IF(H31="","",H31),I31),J31)="",IF(M31="",IF(L31="",IF(K31="","",K31),L31),M31)="",IF(P31="",IF(O31="",IF(N31="","",N31),O31),P31)="")=TRUE,"","P"))) -> P
A32: =IF(AND(C32="",C32=""),"",$D$3&"_"&ROW()-12-COUNTBLANK($C$13:C32)) -> YC_02_15 | B32: Kiểm tra hiển thị khi cấu hình bỏ chọn tại trang chủ của widget Chờ xử lý cá nhân | C32: 1. Đăng nhập vào tài khoản at_vt/123 2. Tại màn hình trang chủ>> Cài đặt>> cấu hình trang chủ 3. Mục văn bản đến >> bỏ tích chọn Chờ xử lý cá nhân 4. Sau khi cấu hình kiểm tra hiển thị tại mục Văn bản đến tại trang chủ | D32: Không hiển thị widget Chờ xử lý cá nhân trên giao diện trang chủ | E32: P | Q32: =IF(OR(IF(G32="",IF(F32="",IF(E32="","",E32),F32),G32)="F",IF(J32="",IF(I32="",IF(H32="","",H32),I32),J32)="F",IF(M32="",IF(L32="",IF(K32="","",K32),L32),M32)="F",IF(P32="",IF(O32="",IF(N32="","",N32),O32),P32)="F")=TRUE,"F",IF(OR(IF(G32="",IF(F32="",IF(E32="","",E32),F32),G32)="PE",IF(J32="",IF(I32="",IF(H32="","",H32),I32),J32)="PE",IF(M32="",IF(L32="",IF(K32="","",K32),L32),M32)="PE",IF(P32="",IF(O32="",IF(N32="","",N32),O32),P32)="PE")=TRUE,"PE",IF(AND(IF(G32="",IF(F32="",IF(E32="","",E32),F32),G32)="",IF(J32="",IF(I32="",IF(H32="","",H32),I32),J32)="",IF(M32="",IF(L32="",IF(K32="","",K32),L32),M32)="",IF(P32="",IF(O32="",IF(N32="","",N32),O32),P32)="")=TRUE,"","P"))) -> P
A33: =IF(AND(C33="",C33=""),"",$D$3&"_"&ROW()-12-COUNTBLANK($C$13:C33)) -> YC_02_16 | B33: Kiểm tra hiển thị khi cấu hình chọn tại trang chủ của widget Chờ xử lý cá nhân | C33: 1. Đăng nhập vào tài khoản at_vt/123 2. Tại màn hình trang chủ>> Cài đặt>> cấu hình trang chủ 3. Mục văn bản đến >> tích chọn Chờ xử lý cá nhân 4. Sau khi cấu hình kiểm tra hiển thị tại mục Văn bản đến tại trang chủ | D33: Hiển thị widget Chờ xử lý cá nhân trên giao diện trang chủ | E33: P | Q33: =IF(OR(IF(G33="",IF(F33="",IF(E33="","",E33),F33),G33)="F",IF(J33="",IF(I33="",IF(H33="","",H33),I33),J33)="F",IF(M33="",IF(L33="",IF(K33="","",K33),L33),M33)="F",IF(P33="",IF(O33="",IF(N33="","",N33),O33),P33)="F")=TRUE,"F",IF(OR(IF(G33="",IF(F33="",IF(E33="","",E33),F33),G33)="PE",IF(J33="",IF(I33="",IF(H33="","",H33),I33),J33)="PE",IF(M33="",IF(L33="",IF(K33="","",K33),L33),M33)="PE",IF(P33="",IF(O33="",IF(N33="","",N33),O33),P33)="PE")=TRUE,"PE",IF(AND(IF(G33="",IF(F33="",IF(E33="","",E33),F33),G33)="",IF(J33="",IF(I33="",IF(H33="","",H33),I33),J33)="",IF(M33="",IF(L33="",IF(K33="","",K33),L33),M33)="",IF(P33="",IF(O33="",IF(N33="","",N33),O33),P33)="")=TRUE,"","P"))) -> P
A34: =IF(AND(C34="",C34=""),"",$D$3&"_"&ROW()-12-COUNTBLANK($C$13:C34)) | B34: An toàn thông tin (Các trường hợp kiểm thử đảm bảo an toàn thông tin theo hướng dẫn kiểm thử an toàn thông tin)
A35: =IF(AND(C35="",C35=""),"",$D$3&"_"&ROW()-12-COUNTBLANK($C$13:C35)) | B35: N/A
A36: =IF(AND(C36="",C36=""),"",$D$3&"_"&ROW()-12-COUNTBLANK($C$13:C36)) | B36: Kiểm tra ảnh hưởng (Các trường hợp kiểm thử ảnh hưởng từ chức năng)
A37: =IF(AND(C37="",C37=""),"",$D$3&"_"&ROW()-12-COUNTBLANK($C$13:C37)) | B37: N/A

Sheet YC02_App
C1: KỊCH BẢN KIỂM THỬ *
C2: Tên màn hình/Tên chức năng | D2: YC02_Tách widget Chờ xử lý cá nhân và Chờ xử lý đơn vị
C3: Mã trường hợp kiểm thử | D3: YC_02
C4: Số trường hợp kiểm thử đạt (P) | D4: =COUNTIF($E$13:$E$35,"P") -> 12
C5: Số trường hợp kiểm thử không đạt (F) | D5: =COUNTIF($E$13:$E$35,"F") -> 0
C6: Số trường hợp kiểm thử đang xem xét (PE) | D6: =COUNTIF($Q$13:$Q$13,"PE") -> 0
C7: Số trường hợp kiểm thử chưa thực hiện | D7: =D8-D4-D5-D6 -> 0
C8: Tổng số trường hợp kiểm thử | D8: =COUNTA($Q$13:$Q$695) -> 12
A10: Mã trường hợp kiểm thử | B10: Mục đích kiểm thử | C10: Các bước thực hiện | D10: Kết quả mong muốn | E10: Mobile | H10: Tablet | K10: <Tên trình duyệt 3> | N10: <Tên trình duyệt 4> | Q10: Kết quả hiện tại | R10: Mã lỗi | S10: Ghi chú
E11: Lần 1 | F11: Lần 2 | G11: Lần 3 | H11: Lần 1 | I11: Lần 2 | J11: Lần 3 | K11: Lần 1 | L11: Lần 2 | M11: Lần 3 | N11: Lần 1 | O11: Lần 2 | P11: Lần 3
B12: YC02_Tách widget Chờ xử lý đơn vị và Chờ xử lý cá nhân_App
B13: A: Các bước thực hiện Pre- condition: 1. Truy cập link: http://10.60.157.14:8068/ServiceMobile_V02/resources 2. Login acc có vai trò lãnh đạo (at_ld/123), Văn thư (at_vt/123), Chuyên viên ( at_cv/123) 3. Phạm vi B: Mô tả chức năng C: Các bảng tác động
A14: =IF(AND(C14="",C14=""),"",$D$3&"_"&ROW()-12-COUNTBLANK($C$14:C14)) | B14: Giao diện (Phần này viết các trường hợp kiểm thử cho giao diên chung và các giao diện cho các control)
A15: =IF(AND(C15="",C15=""),"",$D$3&"_"&ROW()-12-COUNTBLANK($C$13:C15)) -> YC_02_1 | B15: Kiểm tra tổng thể giao diện màn hình | C15: 1. Kiểm tra title của màn hình 2. Kiểm tra sự đầy đủ của các thông tin trên màn hình | D15: 1. Bố cục - Form được bố trí hợp lý và dễ sử dụng 2. Font chữ và màu chữ: - Các text sử dụng cùng 1 loại font chữ, cỡ chữ - Màu chữ giống giao diện prototype 3. Chính tả: Không có lỗi về chính tả, cấu trúc câu, ngữ pháp trên màn hình | E15: P | H15: P | Q15: =IF(OR(IF(G15="",IF(F15="",IF(E15="","",E15),F15),G15)="F",IF(J15="",IF(I15="",IF(H15="","",H15),I15),J15)="F",IF(M15="",IF(L15="",IF(K15="","",K15),L15),M15)="F",IF(P15="",IF(O15="",IF(N15="","",N15),O15),P15)="F")=TRUE,"F",IF(OR(IF(G15="",IF(F15="",IF(E15="","",E15),F15),G15)="PE",IF(J15="",IF(I15="",IF(H15="","",H15),I15),J15)="PE",IF(M15="",IF(L15="",IF(K15="","",K15),L15),M15)="PE",IF(P15="",IF(O15="",IF(N15="","",N15),O15),P15)="PE")=TRUE,"PE",IF(AND(IF(G15="",IF(F15="",IF(E15="","",E15),F15),G15)="",IF(J15="",IF(I15="",IF(H15="","",H15),I15),J15)="",IF(M15="",IF(L15="",IF(K15="","",K15),L15),M15)="",IF(P15="",IF(O15="",IF(N15="","",N15),O15),P15)="")=TRUE,"","P"))) -> P
A16: =IF(AND(C16="",C16=""),"",$D$3&"_"&ROW()-12-COUNTBLANK($C$13:C16)) | B16: Chức năng (Phần này viết các trường hợp kiểm thử kiểm tra các ràng buộc trong cơ sở dữ liệu và cho các luồng nghiệp vụ trong tài liệu giải pháp, tích hợp với các chức năng khác)
A17: =IF(AND(C17="",C17=""),"",$D$3&"_"&ROW()-12-COUNTBLANK($C$13:C17)) | B17: Role Văn thư
A18: =IF(AND(C18="",C18=""),"",$D$3&"_"&ROW()-12-COUNTBLANK($C$13:C18)) -> YC_02_2 | B18: Kiểm tra hiển thị tổng quan trang chục mục Vb đến >> chờ xử lý | C18: 1. Đăng nhập vào tài khoản at_vt/123 2. Tại màn hình trang chủ>> mục văn bản đến 3. Kiểm tra widget Chờ xử lý | D18: Widget Chờ xử lý cá nhân và Chờ xử lý đơn vị được tách riêng biệt trên giao diện | E18: P | H18: P | Q18: =IF(OR(IF(G18="",IF(F18="",IF(E18="","",E18),F18),G18)="F",IF(J18="",IF(I18="",IF(H18="","",H18),I18),J18)="F",IF(M18="",IF(L18="",IF(K18="","",K18),L18),M18)="F",IF(P18="",IF(O18="",IF(N18="","",N18),O18),P18)="F")=TRUE,"F",IF(OR(IF(G18="",IF(F18="",IF(E18="","",E18),F18),G18)="PE",IF(J18="",IF(I18="",IF(H18="","",H18),I18),J18)="PE",IF(M18="",IF(L18="",IF(K18="","",K18),L18),M18)="PE",IF(P18="",IF(O18="",IF(N18="","",N18),O18),P18)="PE")=TRUE,"PE",IF(AND(IF(G18="",IF(F18="",IF(E18="","",E18),F18),G18)="",IF(J18="",IF(I18="",IF(H18="","",H18),I18),J18)="",IF(M18="",IF(L18="",IF(K18="","",K18),L18),M18)="",IF(P18="",IF(O18="",IF(N18="","",N18),O18),P18)="")=TRUE,"","P"))) -> P
A19: =IF(AND(C19="",C19=""),"",$D$3&"_"&ROW()-12-COUNTBLANK($C$13:C19)) -> YC_02_3 | B19: Kiểm tra hiển thị widget Chờ xử lý đơn vị | C19: 1. Đăng nhập vào tài khoản at_vt/123 2. Tại màn hình trang chủ>> mục văn bản đến 3. Kiểm tra widget Chờ xử lý đơn vị | D19: Widget Chờ xử lý đơn vị hiển thị trên giao diện bao gồm số count đếm số lượng văn bản Chờ xử lý của đơn vị . | E19: P | H19: P | Q19: =IF(OR(IF(G19="",IF(F19="",IF(E19="","",E19),F19),G19)="F",IF(J19="",IF(I19="",IF(H19="","",H19),I19),J19)="F",IF(M19="",IF(L19="",IF(K19="","",K19),L19),M19)="F",IF(P19="",IF(O19="",IF(N19="","",N19),O19),P19)="F")=TRUE,"F",IF(OR(IF(G19="",IF(F19="",IF(E19="","",E19),F19),G19)="PE",IF(J19="",IF(I19="",IF(H19="","",H19),I19),J19)="PE",IF(M19="",IF(L19="",IF(K19="","",K19),L19),M19)="PE",IF(P19="",IF(O19="",IF(N19="","",N19),O19),P19)="PE")=TRUE,"PE",IF(AND(IF(G19="",IF(F19="",IF(E19="","",E19),F19),G19)="",IF(J19="",IF(I19="",IF(H19="","",H19),I19),J19)="",IF(M19="",IF(L19="",IF(K19="","",K19),L19),M19)="",IF(P19="",IF(O19="",IF(N19="","",N19),O19),P19)="")=TRUE,"","P"))) -> P
A20: =IF(AND(C20="",C20=""),"",$D$3&"_"&ROW()-12-COUNTBLANK($C$13:C20)) -> YC_02_4 | B20: Kiểm tra hiển thị widget Chờ xử lý cá nhân | C20: 1. Đăng nhập vào tài khoản at_vt/123 2. Tại màn hình trang chủ>> mục văn bản đến 3. Kiểm tra widget Chờ xử lý cá nhân | D20: Widget Chờ xử lý cá nhân hiển thị trên giao diện bao gồm số count đếm số lượng văn bản Chờ xử lý của cá nhân. | E20: P | H20: P | Q20: =IF(OR(IF(G20="",IF(F20="",IF(E20="","",E20),F20),G20)="F",IF(J20="",IF(I20="",IF(H20="","",H20),I20),J20)="F",IF(M20="",IF(L20="",IF(K20="","",K20),L20),M20)="F",IF(P20="",IF(O20="",IF(N20="","",N20),O20),P20)="F")=TRUE,"F",IF(OR(IF(G20="",IF(F20="",IF(E20="","",E20),F20),G20)="PE",IF(J20="",IF(I20="",IF(H20="","",H20),I20),J20)="PE",IF(M20="",IF(L20="",IF(K20="","",K20),L20),M20)="PE",IF(P20="",IF(O20="",IF(N20="","",N20),O20),P20)="PE")=TRUE,"PE",IF(AND(IF(G20="",IF(F20="",IF(E20="","",E20),F20),G20)="",IF(J20="",IF(I20="",IF(H20="","",H20),I20),J20)="",IF(M20="",IF(L20="",IF(K20="","",K20),L20),M20)="",IF(P20="",IF(O20="",IF(N20="","",N20),O20),P20)="")=TRUE,"","P"))) -> P
A21: =IF(AND(C21="",C21=""),"",$D$3&"_"&ROW()-12-COUNTBLANK($C$13:C21)) -> YC_02_5 | B21: Kiểm tra điều hướng của widget Chờ xử lý đơn vị sau khi click | C21: 1. Đăng nhập vào tài khoản at_vt/123 2. Tại màn hình trang chủ>> mục văn bản đến 3. Click vào widget Chờ xử lý đơn vị | D21: Hệ thống được điều hướng đến đúng TabVăn bản đến>> Chờ xử lý>> Văn bản đơn vị | E21: P | H21: P | Q21: =IF(OR(IF(G21="",IF(F21="",IF(E21="","",E21),F21),G21)="F",IF(J21="",IF(I21="",IF(H21="","",H21),I21),J21)="F",IF(M21="",IF(L21="",IF(K21="","",K21),L21),M21)="F",IF(P21="",IF(O21="",IF(N21="","",N21),O21),P21)="F")=TRUE,"F",IF(OR(IF(G21="",IF(F21="",IF(E21="","",E21),F21),G21)="PE",IF(J21="",IF(I21="",IF(H21="","",H21),I21),J21)="PE",IF(M21="",IF(L21="",IF(K21="","",K21),L21),M21)="PE",IF(P21="",IF(O21="",IF(N21="","",N21),O21),P21)="PE")=TRUE,"PE",IF(AND(IF(G21="",IF(F21="",IF(E21="","",E21),F21),G21)="",IF(J21="",IF(I21="",IF(H21="","",H21),I21),J21)="",IF(M21="",IF(L21="",IF(K21="","",K21),L21),M21)="",IF(P21="",IF(O21="",IF(N21="","",N21),O21),P21)="")=TRUE,"","P"))) -> P
A22: =IF(AND(C22="",C22=""),"",$D$3&"_"&ROW()-12-COUNTBLANK($C$13:C22)) -> YC_02_6 | B22: Kiểm tra điều hướng của widget Chờ xử lý cá nhân sau khi click | C22: 1. Đăng nhập vào tài khoản at_vt/123 2. Tại màn hình trang chủ>> mục văn bản đến 3. Click vào widget Chờ xử lý cá nhân | D22: Hệ thống được điều hướng đến đúng TabVăn bản đến>> Chờ xử lý>> Văn bản cá nhân | E22: P | H22: P | Q22: =IF(OR(IF(G22="",IF(F22="",IF(E22="","",E22),F22),G22)="F",IF(J22="",IF(I22="",IF(H22="","",H22),I22),J22)="F",IF(M22="",IF(L22="",IF(K22="","",K22),L22),M22)="F",IF(P22="",IF(O22="",IF(N22="","",N22),O22),P22)="F")=TRUE,"F",IF(OR(IF(G22="",IF(F22="",IF(E22="","",E22),F22),G22)="PE",IF(J22="",IF(I22="",IF(H22="","",H22),I22),J22)="PE",IF(M22="",IF(L22="",IF(K22="","",K22),L22),M22)="PE",IF(P22="",IF(O22="",IF(N22="","",N22),O22),P22)="PE")=TRUE,"PE",IF(AND(IF(G22="",IF(F22="",IF(E22="","",E22),F22),G22)="",IF(J22="",IF(I22="",IF(H22="","",H22),I22),J22)="",IF(M22="",IF(L22="",IF(K22="","",K22),L22),M22)="",IF(P22="",IF(O22="",IF(N22="","",N22),O22),P22)="")=TRUE,"","P"))) -> P
A23: =IF(AND(C23="",C23=""),"",$D$3&"_"&ROW()-12-COUNTBLANK($C$13:C23)) -> YC_02_7 | B23: Kiểm tra số count văn bản của Widget Chờ xử lý đơn vị | C23: 1. Đăng nhập vào tài khoản at_vt/123 2. Tại màn hình trang chủ>> mục văn bản đến 3. Widget Chờ xử lý đơn vị >> Kiểm tra số count Văn bản | D23: Số lượng trên widget "Chờ xử lý đơn vị " khớp tuyệt đối với tổng số bản ghi chờ xử lý của đơn vị trong TabVăn bản đến>> Chờ xử lý>> Văn bản đơn vị và Database | E23: P | H23: P | Q23: =IF(OR(IF(G23="",IF(F23="",IF(E23="","",E23),F23),G23)="F",IF(J23="",IF(I23="",IF(H23="","",H23),I23),J23)="F",IF(M23="",IF(L23="",IF(K23="","",K23),L23),M23)="F",IF(P23="",IF(O23="",IF(N23="","",N23),O23),P23)="F")=TRUE,"F",IF(OR(IF(G23="",IF(F23="",IF(E23="","",E23),F23),G23)="PE",IF(J23="",IF(I23="",IF(H23="","",H23),I23),J23)="PE",IF(M23="",IF(L23="",IF(K23="","",K23),L23),M23)="PE",IF(P23="",IF(O23="",IF(N23="","",N23),O23),P23)="PE")=TRUE,"PE",IF(AND(IF(G23="",IF(F23="",IF(E23="","",E23),F23),G23)="",IF(J23="",IF(I23="",IF(H23="","",H23),I23),J23)="",IF(M23="",IF(L23="",IF(K23="","",K23),L23),M23)="",IF(P23="",IF(O23="",IF(N23="","",N23),O23),P23)="")=TRUE,"","P"))) -> P
A24: =IF(AND(C24="",C24=""),"",$D$3&"_"&ROW()-12-COUNTBLANK($C$13:C24)) -> YC_02_8 | B24: Kiểm tra số count văn bản của Widget Chờ xử lý cá nhân | C24: 1. Đăng nhập vào tài khoản at_vt/123 2. Tại màn hình trang chủ>> mục văn bản đến 3. Widget Chờ xử lý cá nhân>> Kiểm tra số count Văn bản | D24: Số lượng trên widget "Chờ xử lý cá nhân" khớp tuyệt đối với tổng số bản ghi chờ xử lý của cá nhân trong TabVăn bản đến>> Chờ xử lý>> Văn bản cá nhân và Database | E24: P | H24: P | Q24: =IF(OR(IF(G24="",IF(F24="",IF(E24="","",E24),F24),G24)="F",IF(J24="",IF(I24="",IF(H24="","",H24),I24),J24)="F",IF(M24="",IF(L24="",IF(K24="","",K24),L24),M24)="F",IF(P24="",IF(O24="",IF(N24="","",N24),O24),P24)="F")=TRUE,"F",IF(OR(IF(G24="",IF(F24="",IF(E24="","",E24),F24),G24)="PE",IF(J24="",IF(I24="",IF(H24="","",H24),I24),J24)="PE",IF(M24="",IF(L24="",IF(K24="","",K24),L24),M24)="PE",IF(P24="",IF(O24="",IF(N24="","",N24),O24),P24)="PE")=TRUE,"PE",IF(AND(IF(G24="",IF(F24="",IF(E24="","",E24),F24),G24)="",IF(J24="",IF(I24="",IF(H24="","",H24),I24),J24)="",IF(M24="",IF(L24="",IF(K24="","",K24),L24),M24)="",IF(P24="",IF(O24="",IF(N24="","",N24),O24),P24)="")=TRUE,"","P"))) -> P
A25: =IF(AND(C25="",C25=""),"",$D$3&"_"&ROW()-12-COUNTBLANK($C$13:C25)) | B25: Role khác Văn thư
A26: =IF(AND(C26="",C26=""),"",$D$3&"_"&ROW()-12-COUNTBLANK($C$13:C26)) -> YC_02_9 | B26: Kiểm tra hiển thị tổng quan trang chục mục Vb đến >> chờ xử lý | C26: 1. Đăng nhập vào tài khoản at_vt/123 2. Tại màn hình trang chủ>> mục văn bản đến 3. Kiểm tra widget Chờ xử lý | D26: Widget Chờ xử lý cá nhân và Chờ xử lý đơn vị được tách riêng biệt trên giao diện | E26: P | H26: P | Q26: =IF(OR(IF(G26="",IF(F26="",IF(E26="","",E26),F26),G26)="F",IF(J26="",IF(I26="",IF(H26="","",H26),I26),J26)="F",IF(M26="",IF(L26="",IF(K26="","",K26),L26),M26)="F",IF(P26="",IF(O26="",IF(N26="","",N26),O26),P26)="F")=TRUE,"F",IF(OR(IF(G26="",IF(F26="",IF(E26="","",E26),F26),G26)="PE",IF(J26="",IF(I26="",IF(H26="","",H26),I26),J26)="PE",IF(M26="",IF(L26="",IF(K26="","",K26),L26),M26)="PE",IF(P26="",IF(O26="",IF(N26="","",N26),O26),P26)="PE")=TRUE,"PE",IF(AND(IF(G26="",IF(F26="",IF(E26="","",E26),F26),G26)="",IF(J26="",IF(I26="",IF(H26="","",H26),I26),J26)="",IF(M26="",IF(L26="",IF(K26="","",K26),L26),M26)="",IF(P26="",IF(O26="",IF(N26="","",N26),O26),P26)="")=TRUE,"","P"))) -> P
A27: =IF(AND(C27="",C27=""),"",$D$3&"_"&ROW()-12-COUNTBLANK($C$13:C27)) -> YC_02_10 | B27: Kiểm tra hiển thị widget Chờ xử lý cá nhân | C27: 1. Đăng nhập vào tài khoản at_vt/123 2. Tại màn hình trang chủ>> mục văn bản đến 3. Kiểm tra widget Chờ xử lý cá nhân | D27: Widget Chờ xử lý cá nhân hiển thị trên giao diện bao gồm số count đếm số lượng văn bản Chờ xử lý của cá nhân. | E27: P | H27: P | Q27: =IF(OR(IF(G27="",IF(F27="",IF(E27="","",E27),F27),G27)="F",IF(J27="",IF(I27="",IF(H27="","",H27),I27),J27)="F",IF(M27="",IF(L27="",IF(K27="","",K27),L27),M27)="F",IF(P27="",IF(O27="",IF(N27="","",N27),O27),P27)="F")=TRUE,"F",IF(OR(IF(G27="",IF(F27="",IF(E27="","",E27),F27),G27)="PE",IF(J27="",IF(I27="",IF(H27="","",H27),I27),J27)="PE",IF(M27="",IF(L27="",IF(K27="","",K27),L27),M27)="PE",IF(P27="",IF(O27="",IF(N27="","",N27),O27),P27)="PE")=TRUE,"PE",IF(AND(IF(G27="",IF(F27="",IF(E27="","",E27),F27),G27)="",IF(J27="",IF(I27="",IF(H27="","",H27),I27),J27)="",IF(M27="",IF(L27="",IF(K27="","",K27),L27),M27)="",IF(P27="",IF(O27="",IF(N27="","",N27),O27),P27)="")=TRUE,"","P"))) -> P
A28: =IF(AND(C28="",C28=""),"",$D$3&"_"&ROW()-12-COUNTBLANK($C$13:C28)) -> YC_02_11 | B28: Kiểm tra điều hướng của widget Chờ xử lý cá nhân sau khi click | C28: 1. Đăng nhập vào tài khoản at_vt/123 2. Tại màn hình trang chủ>> mục văn bản đến 3. Click vào widget Chờ xử lý cá nhân | D28: Hệ thống được điều hướng đến đúng TabVăn bản đến>> Chờ xử lý>> Văn bản cá nhân | E28: P | H28: P | Q28: =IF(OR(IF(G28="",IF(F28="",IF(E28="","",E28),F28),G28)="F",IF(J28="",IF(I28="",IF(H28="","",H28),I28),J28)="F",IF(M28="",IF(L28="",IF(K28="","",K28),L28),M28)="F",IF(P28="",IF(O28="",IF(N28="","",N28),O28),P28)="F")=TRUE,"F",IF(OR(IF(G28="",IF(F28="",IF(E28="","",E28),F28),G28)="PE",IF(J28="",IF(I28="",IF(H28="","",H28),I28),J28)="PE",IF(M28="",IF(L28="",IF(K28="","",K28),L28),M28)="PE",IF(P28="",IF(O28="",IF(N28="","",N28),O28),P28)="PE")=TRUE,"PE",IF(AND(IF(G28="",IF(F28="",IF(E28="","",E28),F28),G28)="",IF(J28="",IF(I28="",IF(H28="","",H28),I28),J28)="",IF(M28="",IF(L28="",IF(K28="","",K28),L28),M28)="",IF(P28="",IF(O28="",IF(N28="","",N28),O28),P28)="")=TRUE,"","P"))) -> P
A29: =IF(AND(C29="",C29=""),"",$D$3&"_"&ROW()-12-COUNTBLANK($C$13:C29)) -> YC_02_12 | B29: Kiểm tra số count văn bản của Widget Chờ xử lý cá nhân | C29: 1. Đăng nhập vào tài khoản at_vt/123 2. Tại màn hình trang chủ>> mục văn bản đến 3. Widget Chờ xử lý cá nhân>> Kiểm tra số count Văn bản | D29: Số lượng trên widget "Chờ xử lý cá nhân" khớp tuyệt đối với tổng số bản ghi chờ xử lý của cá nhân trong TabVăn bản đến>> Chờ xử lý>> Văn bản cá nhân và Database | E29: P | H29: P | Q29: =IF(OR(IF(G29="",IF(F29="",IF(E29="","",E29),F29),G29)="F",IF(J29="",IF(I29="",IF(H29="","",H29),I29),J29)="F",IF(M29="",IF(L29="",IF(K29="","",K29),L29),M29)="F",IF(P29="",IF(O29="",IF(N29="","",N29),O29),P29)="F")=TRUE,"F",IF(OR(IF(G29="",IF(F29="",IF(E29="","",E29),F29),G29)="PE",IF(J29="",IF(I29="",IF(H29="","",H29),I29),J29)="PE",IF(M29="",IF(L29="",IF(K29="","",K29),L29),M29)="PE",IF(P29="",IF(O29="",IF(N29="","",N29),O29),P29)="PE")=TRUE,"PE",IF(AND(IF(G29="",IF(F29="",IF(E29="","",E29),F29),G29)="",IF(J29="",IF(I29="",IF(H29="","",H29),I29),J29)="",IF(M29="",IF(L29="",IF(K29="","",K29),L29),M29)="",IF(P29="",IF(O29="",IF(N29="","",N29),O29),P29)="")=TRUE,"","P"))) -> P
A30: =IF(AND(C30="",C30=""),"",$D$3&"_"&ROW()-12-COUNTBLANK($C$13:C30)) | B30: An toàn thông tin (Các trường hợp kiểm thử đảm bảo an toàn thông tin theo hướng dẫn kiểm thử an toàn thông tin)
A31: =IF(AND(C31="",C31=""),"",$D$3&"_"&ROW()-12-COUNTBLANK($C$13:C31)) | B31: N/A
A32: =IF(AND(C32="",C32=""),"",$D$3&"_"&ROW()-12-COUNTBLANK($C$13:C32)) | B32: Kiểm tra ảnh hưởng (Các trường hợp kiểm thử ảnh hưởng từ chức năng)
A33: =IF(AND(C33="",C33=""),"",$D$3&"_"&ROW()-12-COUNTBLANK($C$13:C33)) | B33: N/A
